pvform	lemma	pvv	mood	cau	pot	PV	CP_cnd	CP_imp	CP_ind	HKM	inf	nom	acc	dat	BAN	ON	RA	VAL	UL	BA	RÓL	HOZ	BÓL	TÓL	NÁL	VÁ	IG	ÉRT	KÉNT	KOR	SZOR	NKÉNT	ADP	ADV	FROM	IN	TO
el	ad	el+ad	ind	-	-	-0.5364980625147278	-0.0015968619129564706	0.0007690491285727227	-0.020669221488893635	0.07991359733163012	0.013862071946711019	0.16538163441184	0.12499781903028884	0.025515189155257995	-0.07778041291196802	-0.057744799882061	0.11012995246760303	-0.0013016958436304557	0.005879722804140883	0.025189832583863925	0.043115026597048155	0.03194880475018144	-0.03906371607440351	0.003488889895238958	-0.002202411829030795	0.0002927400468384075	-0.002099122083724928	-0.054404191421898146	-0.004211452512104627	0.0027379501668515346	0.0002927400468384075	-0.0019899510717824274	-0.03917247049662592	-0.06067874325957834	0.007602370307288345	-0.1392740791798848	0.15276129389434345
el	áll	el+áll	ind	-	-	-0.1881226802109787	-0.002578837569587142	0.0008747165065035056	0.05124050277199446	0.006274751815873128	0.015067124365240953	0.04572968170379199	-0.11470627409890594	0.007881171435346768	0.23044479881494234	0.1324774119276722	0.08609795425033925	0.06923827869957053	0.03877992547424766	0.01309178451255833	0.0022940121368123165	0.03250736743577717	0.08670469040055241	-0.40877341204467366	0.006953516990805983	0.0004114377285837705	-0.03483243196939576	0.0015120610747628891	0.0028696958902192	-0.0018607410997928445	0.0	0.0008741680621528478	0.11920124564770232	-0.01626393440396634	-0.32867844237625793	0.4373438370002497	0.09821248927921877
el	árul	el+árul	ind	-	-	-0.42217034006120413	-0.007922153835574049	0.0012172059278616372	-0.07530791183853108	-0.3617309080906371	0.003367603067083863	-0.18039610769177872	0.44747997111714743	-0.030228655915827116	0.12368118832307534	0.1444452085410721	-0.001982601519788192	0.03815974968194478	0.03618746346662999	0.0056211532510401264	-0.09546126603170238	0.006477323522332634	0.00920950383385483	0.013429838737406732	0.006557782897225183	0.0002262490114499879	0.008748065880411236	0.08491971254684867	0.0186500704879139	-0.001050785682357391	0.00017467248908296942	0.004750541553484854	0.05704088299006292	0.11578585427913213	-0.07193136884090362	0.2863542275556167	0.016727985421036345
el	bírál	el+bírál	ind	-	-	-0.5396990140114167	0.006351320036684912	0.0027977140469919344	0.022804045784335814	0.015906368618082006	0.002216760826781291	-0.12024948350647696	-0.3817397917054241	0.0005019696925190852	-0.05714033936806649	-0.04792341861596054	-0.012753555074691654	-0.00819600969996051	0.005340853087374697	0.002436739742748692	0.014276435819356186	-0.0015568240788790867	0.002560763463917256	-0.0011168662469442842	0.0003609743042432426	0.0	-0.039738505775262487	0.012059674992574897	-0.004010535488735056	-0.0015568240788790867	0.0	-0.0013368451629116854	-0.05346270965720497	0.09067178427705591	0.017717114947143047	-0.15589194270104081	-0.06769932733450176
el	bír	el+bír	ind	-	-	-0.47813152973507334	-0.01250483512712253	-0.0014626870959545688	0.018526541443814548	-0.014338680197355146	0.16492068011962296	-0.1917860344871804	-0.2914968125837306	0.0005227621789019501	0.04898502650694025	0.011778647285441316	0.03440273257721596	0.32709313082776587	-0.0013366234671358113	0.0009459002484521644	0.003513706379089301	0.0023988047222039347	0.008842591527667504	0.0007513582642138194	0.002119127485281781	-0.0006589785831960461	0.007727689870782137	0.0007939258905557243	0.0015708247305746869	0.0002954351905244991	0.00048146364949446316	-0.0023234520917229232	0.024094545606452508	0.09440886125782844	0.013428631937300267	0.06549788126910751	0.045103070500714264
el	bocsát	el+bocsát	ind	-	-	-0.3947986577181208	-0.0007906254025064332	0.0018657115217552158	-0.06363034083217092	0.02343758992164998	0.000305151260204823	0.10465900340092246	0.11899816662601637	0.02062662201528634	-0.015626224647233067	0.009979350563577516	0.8005079459908304	-0.033149950260481606	0.044690203644276116	0.07653959567115465	-0.019330105973949095	0.01419652179632284	-0.15216990361769356	-0.0520661083417146	-0.006669069144781735	0.0006488746262684948	-0.003821104902425588	0.004978679148590988	0.0007758953798427514	0.000654835147067287	0.0	0.00289468924448001	-0.0710182350829403	-0.019041123482807648	-0.22601013699606193	-0.02211928714911715	0.8724216979399892
el	dől	el+dől	ind	-	-	-0.4426776808785156	0.002011196162989673	0.0013572128785942572	-0.029736483092614285	-0.2897981498807102	0.0006266135153461527	0.24250656199850196	0.010950798792492049	0.04374855200429589	-0.12126137628305429	-0.16825526974063867	0.08888708351210417	-0.008882261035895647	0.01057301888167124	0.1452256329066348	0.016549362149459755	0.024813104953812552	0.07239525570110363	0.027018587928081497	-0.003601052078502665	0.0017321016166281756	-0.007552321553924421	0.0009878173688554386	0.001704731847578913	-0.002287592281416736	0.0	0.0015651845743981639	-0.07197430094333185	0.07290053633182642	0.11810575755858575	-0.343781164433332	0.2703855629479631
el	dönt	el+dönt	ind	-	+	-0.38015631649879417	-0.03936433063791554	-0.017840148720858748	-0.06382613373055279	-0.24633044876341803	-0.004821310351350073	0.15373856220740523	-0.14673978578521776	0.003080298032817894	0.0794654679150707	0.07118437307892372	-0.0008717991913746621	0.007438259564004353	0.04491794048801248	0.015374003995838655	0.3712844168203528	0.0013117995460348985	-7.38875490613293e-07	0.0026377116139405113	-0.006178033527214262	0.00014740566037735848	-0.00011991949212654222	0.00033899607509339384	0.0019155347094150475	-0.00336173570719251	0.0	0.0007370283018867925	0.08906242611245095	0.11962342471745402	0.37087005544521684	0.16730003073722038	0.01355614862628269
el	dönt	el+dönt	ind	-	-	-0.5514235811857313	-0.0025816511968659896	-0.007565479104722477	-0.07567616617604403	-0.2325608031456913	-0.0005788758290761402	0.0719112232734892	-0.22109095210664223	0.0013302606765178003	0.04996995274444925	0.08208937503862722	0.00032929187812605343	-0.013745476455451197	0.0363853522585325	0.008043511240948063	0.36644616055053136	0.0001643467351321857	0.0010094901263420913	0.002331708201198893	0.0005870381123094749	0.0006650704974727321	0.004076737334805321	0.0002582249604727671	0.002370844075352858	-0.0012361430880325466	0.0	0.0013692768690994291	0.07110346840547714	0.175833916062909	0.36761219417348934	0.1665350648097257	0.011565500551660241
el	ér	el+ér	ind	-	+	-0.3537704918032787	-0.00792043599652758	0.0001970833012123305	0.02494907005506937	0.009233654319911778	0.0024092763221842733	0.24874966063462167	-0.2582750853860051	0.01871795301507285	-0.005338209022259011	0.0015544107443916794	-0.01564750914191674	-0.06282566507234766	-0.00045691149015756466	0.05499344731541037	0.0013261896222905231	0.010213640979919624	-0.0028513730471826804	-0.0032860623896015097	-0.0005710388099922567	0.002575054214666617	-0.002239845014764489	0.0014698794373070646	0.007143096554058811	0.0009338664861186993	0.0	-0.006562907447938838	-0.039377712828178896	0.00588444483175854	-0.007150537454206619	-0.027127041638875027	0.04637111992250739
el	ér	el+ér	ind	-	-	-0.5144988701663493	-0.0036765104601602914	0.0010014346602132778	-0.019475057285703423	-0.029695994571220963	0.0025031993232617913	0.1275518573117318	-0.36406565429646653	0.006467493946074748	-0.07117046621809005	-0.0382422255670084	0.01858294574784375	-0.04388485767272085	0.0214552679607529	0.037793506923087646	0.014644698884032666	0.03133753596333715	0.0032959130000976052	0.0026413299114259998	-9.43626064956321e-05	0.00835140537827156	0.008143459049436903	0.00184401672324227	0.00458280785933513	0.0022990778512322427	0.0	-0.0019967204999930283	-0.015081119887086353	0.06382277104775125	0.019729386055288643	-0.1115912140231064	0.09270198923540046
el	ért	el+ért	ind	-	-	-0.8147078399605193	0.0026344241377407075	0.007613661083315205	0.03875467128140028	0.10604579884999626	0.0009909123081568447	0.053354069331393944	-0.22824619560453116	0.002670787892168481	-0.03723518582852541	-0.028219572141467995	-0.0006889632758547929	-0.027276711937376418	0.028484508066584632	0.003480530780944094	-0.00037467654115760137	0.03203776635638427	0.0061513186731125755	0.0008701326952360235	-0.003142217994214267	0.00021753317380900588	-0.010357176484339235	0.0006525995214270176	-0.0016798755840116365	-0.008085091185360991	0.0	0.0	0.004809106523073134	0.01030457891097053	0.0038792333741343304	-0.05454238487787298	0.013184458391098677
el	ér	el+ér	ind	-	-	-0.9164705882352941	0.0032988572690940497	0.0031148454602052495	-0.03598332094872775	0.008678729941959711	0.008871578334304018	0.06881424095756428	-0.3341863314120458	0.010634075070793083	-0.21275038660052614	-0.11753534633382202	0.014472415801417868	-0.013456158496174153	0.019229309340670374	0.035751611672323415	0.002744612696563774	0.020708734159419998	-0.008053491454622136	0.001928032052698171	0.006772136645713255	-0.00014705882352941175	0.024189394091538974	0.0011897756712790954	-0.013502801598618278	0.010090173317534593	0.0003414134516899966	0.0005542445725302753	-0.059400518145120804	0.08061017612917476	-0.0032626071937822583	-0.28302507380555497	0.08921911714498022
el	esik	el+esik	ind	-	-	-0.4344748714832724	-0.002351377648461748	0.005465490866311821	-0.019013315417055338	0.030294414056069564	0.026273891530677388	0.14000099039186065	0.008985999338846517	0.03408902016785804	-0.12207944816436221	-0.036424805836352464	0.16767454652767277	0.005231811921908941	0.05602091332866689	0.14149554524417846	0.1151206069763738	0.008836169110748563	-0.0013382335424309295	-0.265617877376104	-0.006888509982213097	0.0014032781970585361	-0.0002425121691053949	-0.0038012310303153596	-0.007048444884023774	-0.0023474294646931996	0.00017793594306049823	0.0014032781970585361	-0.012644560406542493	0.11467606825138288	-0.15142910868747653	-0.13512518419281055	0.3840389652278771
el	felejt	el+felejt	ind	-	-	-0.31222707423580787	-0.0016141422727009112	-0.0021273116390330077	-0.020924902809192264	-0.15503015315693047	-0.20258994844062114	0.11960910708054884	0.05544011819771305	-0.005467785133443049	0.0459929530127962	0.04880124206477106	-0.013128246230023476	0.0033872981193138977	0.06653089902329062	0.0015209683997957782	0.0020995020902322406	-0.000363901018922853	-0.0029204780009830793	-0.0002985366948184869	0.0039843715089508715	0.0	-0.0021273116390330077	-0.0004385351926274746	-0.0011663372304731806	0.0020995020902322406	0.0	-0.000727802037845706	-0.012399968815275192	0.0018456508242560288	-0.00025171206991463253	0.10856729007593671	-0.015264827718656736
el	fér	el+fér	ind	-	-	-0.39973098958618364	-0.0191806735719159	0.002296074418106882	0.016978242019378004	0.10350029734650171	0.0017390817891381576	0.022968649098292104	0.005724072175542671	0.0027554717228949503	-0.2646009901820928	-0.19923948615605766	0.04288022347809061	-0.011653976234170402	-0.13537870026134874	0.24572830434660997	0.001623548383566042	0.151131072040551	0.001936096649166396	0.0012635706146255556	-0.0038192911599918755	0.0005247648895196608	0.003410971781877795	0.0016889159682976335	-0.001442647393262335	0.00014776114502117904	-0.0010656436487638534	-0.0019181585677749361	-0.07842133938485149	-0.1116116545234977	0.004233083173106743	-0.5328744224849898	0.4468740916946075
el	fogad	el+fogad	ind	-	+	-0.583205325140809	-0.01678077198265192	-0.0022597260794227254	-0.00020243944619077747	-0.045184009657412774	0.0010071108127079073	-0.10024143531941004	0.02694750477275576	-0.0198973899892507	0.05273801894182155	0.007057235769049486	0.03649979823874291	0.04924093685042201	0.008202358063498852	0.11252140534345191	0.007172527915958807	0.0019253788533856895	0.008274924297141772	-0.003091525009918515	0.006260702671725958	0.0037174935487261913	0.0005944327456824782	-0.007035194623316819	-0.013336249546461038	4.442138601506258e-05	0.0	0.004635761589403974	-0.007719826519228368	0.04904663567342482	0.01098700250590872	0.0557790188638298	0.15224768822290718
el	fogad	el+fogad	ind	-	-	-0.4324794529105601	-0.004122438810402619	0.0006067405254082505	0.02827821905878078	-0.0255280968614851	0.000641151205104832	0.02043726078977881	-0.03671946892752542	-0.010987098653449552	0.09238743215644049	0.08824778800618957	0.005779468107379636	-0.015971035167271608	0.03631205435646835	0.028631900787364595	-0.004195813800513856	0.00018925873833119814	0.005916347785342932	0.021405928807503558	0.004155840307075196	0.005469008949287372	0.011305655889953957	0.0008521689140023948	0.0009526195462210979	0.01346466759160342	0.0	0.0011945034871211756	-0.0919886079481975	0.18317806601248304	0.02408641737614285	0.0986934722743702	0.046278475145126674
el	foglal	el+foglal	ind	-	-	-0.5790149205839884	0.0009006671875715065	-0.00016618818035559748	-0.03589109977267685	0.030429283166721912	0.0019569510775416547	-0.04230712298682404	0.009796872802226742	0.004237184771315401	-0.07401876053126658	-0.0846438688462887	-0.01142697196882819	-0.05183432079652289	0.00972148566049491	0.07457579784933398	0.01193478939490247	0.00023777868376733194	-0.003955642442242389	-0.006485158406549534	-0.0039369093286154375	-1.873311362695108e-05	0.0029911599027887805	0.0007378209583119792	-0.0007867907723319465	-0.0030751861017756883	0.00042510982003684286	0.001077426845884061	0.001886770104524177	-0.04823785852684387	0.000579407929486013	-0.1377408333293738	0.060158211602385755
el	fogy	el+fogy	ind	-	-	-0.17346556886227546	0.0005212895551822017	0.00037784143942331183	0.017105028552008683	0.0055662057180602825	0.0051867188883623645	-0.02398949104189696	0.008952718065068902	-0.021610406285749843	0.05201527400833825	0.021685495914645525	-0.03680797876668725	0.01544019275597486	0.08093046520867138	-0.001420719711655825	0.006256671309658859	-0.0011954508249687676	0.026545530043031444	0.0018275798522858363	0.0001033604254321082	0.0007993605115907274	-0.008676890822671205	7.628627636812701e-05	0.0009010755467482299	0.00035241268063393623	-0.00018712574850299402	0.002023830037766194	-0.032605053681605614	0.09310605407889255	0.031363232767079745	0.013801982366202864	-0.05334968552104424
el	gondol	el+gondol	ind	-	-	-0.4854253694322572	-0.013766128771905736	-0.0013049885574783794	-0.027277716570126315	0.21386598085804587	0.003981442789892749	-0.0010013400004456052	-0.18244922253146864	-0.007922690113415783	-0.03795979816783244	-0.008908752199042127	0.07106376574227705	-0.013079168244854049	0.00046824990121645954	-0.0010614513200618576	0.011710703588900414	0.00014086601223233517	-0.0022473994579068433	-0.0009369545022787284	-0.0028054071086864494	0.0	-0.0013322705482270573	0.00027081922816519973	-0.01945433290303571	-0.0013377269463767925	0.0	0.00040622884224779957	-0.006091431954395425	0.06511783773854124	0.009197941300978106	-0.03978259890972072	0.06868095667028759
el	hagy	el+hagy	ind	-	+	-0.5419847328244275	-0.009167878544404293	0.00255832882639563	-0.04542187310428486	0.16136172775844182	0.049805497900975874	-0.17624063878955964	-0.3741357746860129	0.009842842833891774	0.036538265584648344	-0.057373289364609545	0.011946117227629994	-0.04048140828859239	0.007699384108885404	0.0015756894510720989	0.003272042292463108	0.0021678563547048845	-0.011927901802741961	-0.006004466422182546	0.010529840343456803	0.0008886919415070692	-0.02772001280157982	-0.0012248493280771341	-0.0013049971975844805	0.003164295294337531	0.0	-0.0019790783149561775	0.24009718425962084	-0.004099574564952191	-0.015400755355031326	0.21780680322936297	-0.0210637653579491
el	hagy	el+hagy	ind	-	-	-0.3560936571565849	0.0021220198420362343	0.01905171270971046	-0.030617138065875876	0.11353876114793912	0.1626451091056279	-0.16556175922941357	-0.35070264064757467	0.028701337853633525	0.002029491863257779	-0.0002254654493797914	0.027860208056730753	-0.021568810197861832	0.03730448838084112	0.007319770638281551	0.0006194664062873266	0.00014575680147937097	-0.011474613350811586	-0.00039329437961504315	0.009466419745941725	0.0010127607859023698	0.00019726965075566802	-0.006814904339528558	-0.004935139569203189	-0.006041134911176504	0.0	-0.00022290831251173422	0.037330833619889675	0.021485703249649934	-0.011455266591612456	0.1308581145691527	0.03066501708907652
el	hangzik	el+hangzik	ind	-	-	-0.4773676815854177	-0.005781275996894238	0.0068325615144288546	-0.073685741454532	-0.13314627123657408	0.006365628408481689	-0.07720008827389863	0.0014657915534357496	0.09998174440315753	-0.1789969936036086	-0.2386816743848557	0.013644181086277334	-0.010424610162128185	0.38568559009483666	-0.0005138719427652376	-0.05950559106538739	0.0003642453737082432	-0.013100845996709371	-0.011311537537204444	0.002214790961861979	0.00038980898637531655	-4.6938836818072576e-05	0.0015977980052871905	0.005282568909100994	-0.0067759460558667476	3.8562059785924246e-05	-0.0006853070175438596	-0.05799907104431258	0.15808263661656774	-0.08194336605475755	-0.4647019947128094	0.009772954679903134
el	helyezkedik	el+helyezkedik	ind	-	-	-0.9408535063638632	0.002194178268697373	0.005082378438567001	0.0016903659208346578	0.12312823213062815	0.000909916686133064	-0.1523696535235799	-0.0020820657035167597	0.00023411741552422337	-0.15281307086728962	-0.2722877523443848	0.44757765704176244	0.02732561549971833	0.0011690251378585481	0.08227430924949489	0.006473199022711646	0.004281797535814411	0.010058197875553666	-0.041370057198234104	-0.03213621641959672	0.0	0.0006785760524089797	0.0020329513754267997	-0.027041168914066587	0.0016586064789955546	-0.00012478163214374845	-0.0007486897928624906	-0.10669575808399281	0.12493192545868098	-0.026086476621406278	-0.49340427548035726	0.54952390340548
el	helyez	el+helyez	ind	-	-	-0.8276803148504407	0.0007336568909107463	0.0033984667883288355	-0.026579482311407027	0.01757934184144643	-0.0023539752380942287	0.07880735530608357	-0.01019804852092554	0.002733661951830984	-0.25845854844451144	-0.24335011263784165	0.28108539320143044	0.0072846650527038995	-0.001657569074058153	0.37483482127330753	-0.0003868073108170642	-0.0006499751632396879	-0.006354750382761518	-0.0009184393275402268	-0.06673664860094686	0.0007039975443944217	0.0008816593839435947	-0.0002663456395493734	-0.007634868963653588	0.005525289094770262	-0.00013952839402818474	-0.0006891678711362596	0.10303751136426698	0.02476631936395765	-0.008633517992189352	-0.46945990624233325	0.7101611567663003
el	hisz	el+hisz	ind	-	-	-0.44471435566851336	0.026424497658811233	-0.0018360886727081462	0.1378519913007392	-0.03848894192702135	0.00466066295147976	-0.02462176762164678	-0.09311848064213066	-0.005184278138009084	0.0581265832239212	-0.002637902291507479	-0.0031339808685078114	-0.002542704298564404	-0.03374330886613788	0.0012026942028565903	-0.009837597993614444	0.001517555663813769	-0.0015761430787544937	-0.0001116675079756511	0.0005912765699434077	0.0	-0.004298228719393452	0.0001665833749791771	-0.0001867244379489515	1.830528900117535e-05	-0.0004631395469351806	0.0001665833749791771	-0.00829261062164132	-0.10224059884415473	-0.011507103291343412	0.05111172373510978	-0.006231351159013274
el	hoz	el+hoz	ind	-	-	-0.5216786459540923	0.0005082569400176751	-0.00018174676441380481	-0.03584796427977052	0.01715674012468267	-0.0007530379691018307	0.017348769074113646	0.018837775772367893	0.004541799622160184	0.03054719309557373	0.017239363374247356	0.055347863997985844	0.012196866046904238	0.017268990697873847	0.0962344647055871	-0.023719822244186454	0.007943495938841725	-0.08710681056577825	-0.011491743872803275	-0.0015274531291879327	0.00017528483786152498	-0.000769741439623761	-0.0031727246550743494	-0.003676307874629685	0.0002485606465015271	-0.00023185717597959656	0.0009951366890510783	0.021470462188280623	-0.0023552299846397173	-0.13244681661723023	0.049258534569173396	0.14715676247725878
el	indít	el+indít	ind	-	-	-0.5379671909352275	0.00045328948957884356	-0.0021601950080681154	-0.055254473067498755	0.0036254512486187593	-0.0003936019653395283	0.03402728027577828	0.026926830012626746	0.01814142153964312	-0.015259076153091994	-0.00861672191640947	0.06797943616016194	0.02846443862065108	-0.0009821357045581985	0.012992450685312979	0.016733106230823126	0.0018620371324048323	0.016376990166944508	0.020962375497343054	-7.281013289184377e-05	-0.0005260996224706871	0.0031962453063150015	0.0172753547999883	-0.003942504663485197	0.002332340236690153	0.00015037593984962405	0.004511278195488722	0.13656324982929163	-0.0361205398071536	0.051892236934294136	-0.012685696992354	0.07391113501663851
el	indul	el+indul	ind	-	-	-0.2997235322816718	-0.000822120917057626	-0.000593489524899593	-0.017188397413596096	-0.03184080050064743	-0.012026217085828506	0.1256677014478016	-0.0007518974990273191	0.040809404019589476	0.038831903304231835	0.0663362469146985	0.03684750633528967	0.05758361450148321	0.013179692694705938	-0.009829708854583744	0.028928394243378057	-0.000936526676149874	0.008151963579546742	0.03438788544396434	0.002201809082880617	-0.000821940791031165	0.003749065917891352	0.022441772975331998	0.015945630760173003	0.02637528794431944	0.00015822784810126583	0.008368475063352896	-0.032468874222627536	-0.06180453341183395	0.07871134238149252	0.08290974553853564	-0.03126097482146936
el	ír	el+ír	ind	-	-	-0.1724137931034483	0.01365155196232553	0.002533295223317885	0.24624514267437034	0.09174135549158517	0.004152970879864982	0.29640915184799543	-0.26735707042866963	0.013799568540182248	0.040888303627937356	-0.008363787318892354	0.02046882124361147	0.010124674193394719	-0.01589561938983143	0.006373219547715781	0.07164002368265246	0.006512729425695678	0.0029773449568880456	0.0006005730113037031	-0.01280938867452005	-0.0036834010466643527	0.000748589589160423	-0.0014716590786903764	0.0022287553677276225	-0.010458136828566179	0.00014801657785671994	0.0008880994671403197	-0.0027561707600906454	-0.009784406198321799	0.060040287730616634	0.021254840312229933	0.038099807408314784
el	ismer	el+ismer	ind	-	-	-0.2635043929147702	0.00517380365350094	0.002905745132220368	0.030262739667254096	-0.35415164574381913	0.0009072234085122292	-0.32382933801546054	0.2743830075213611	-0.03922139214255002	-0.0547366359606279	-0.03280260171726328	-0.009243484602922306	-0.034898449933677696	0.013445922482491282	0.00029447084029051324	0.009463153315058578	0.0004471178258086538	0.03489283415829074	0.002493261324798172	0.0016206719346723996	2.1646261491535513e-06	0.0019238012795595272	-0.0036765970933359225	-0.004871879147696835	-0.001274250066802201	0.0	0.0007199424046076314	-0.021616957354516443	0.10884902232924187	0.0488629229048997	-0.08826359101880274	-0.008677312338910205
el	ítél	el+ítél	ind	-	-	-0.3097091131736086	-0.0003815470092238468	0.0004765198762869418	-0.06653351518531161	0.057035814593759226	0.004996395059534633	-0.05479962021890117	-0.1714522653732845	0.5199832072960795	-0.07173561121055086	-0.023427477510165703	0.21471684868879776	-0.00046865605667247706	-0.09295445910303342	-0.0008580668855107882	0.006482960482512934	0.004242820401672869	0.017808764599457037	0.0024665353086880306	0.006671361045065757	1.2664888431714304e-05	-0.001017964551004872	-0.04602679824170512	-0.0055615967471930984	-9.657322333551216e-05	0.0	0.0001725625539257981	-0.03303723063313682	0.03407045375342871	0.02694348783301552	-0.06859162853633896	0.21216480468893353
el	jár	el+jár	ind	-	-	-0.8411293484096507	0.002015863451891103	0.002509448482033616	-0.016178244152647153	0.023938181265003862	-0.005820462736158178	0.07624053068895514	0.03301385767102754	0.043836515679136795	-0.134128864945692	-0.024321858385736805	0.013769890936026326	0.11199631362098804	-0.19268107222246533	0.03881473247795271	0.004045619325104633	0.018467376534761396	-0.006447045572645029	0.012633252276250144	-0.0024208602441271702	0.0006100350770169285	0.013401337697785651	0.018822345216972104	-0.040434488747927634	-0.013662099600502454	0.0	0.0023569397127793847	-0.10669648957754763	0.04145548550722211	0.010847402680991027	-0.13492846807654352	0.0836103255094372
el	játszik	el+játszik	ind	-	-	-0.3912688698490412	-0.013158986805193354	-0.0022043181256263013	0.0012835734573223845	-0.077632954953491	0.002446669934135174	0.19217720862087495	-0.14468376758339252	-0.009162278736031355	0.15242819213763206	0.06021297953813373	0.001788895324811704	-0.03602366555799885	0.0007364035306132999	-0.0015918861942466342	-0.0017963213896001898	0.00034631671554764625	0.002362973815695557	0.010766133999407663	0.003363133694502178	2.0268788599155855e-05	0.0007719612761299208	0.010460354861058329	0.002790802512980325	0.0023435786817773974	-0.0002039983680130559	6.0806365797467675e-05	0.02403555075627918	-0.03007101938901835	0.011210300039227093	0.18566979172946058	-0.00031757347654280677
el	jön	el+jön	ind	-	-	-0.3008065929817082	-0.0005135745766915254	0.003369403723242937	-0.002719436717292578	-0.05316600926417035	-0.023870177239558428	0.038313429502013	0.00031048805206826055	-0.002992371787736729	0.0046475570058016336	0.01108714229470649	-0.04196605781266499	0.02050122415209498	0.007496551509697455	0.02451999403358228	0.004980576846844373	0.002410525890452545	0.0073047308795614295	0.006215694412461822	2.4709861908673268e-05	-0.00020601565718994644	-1.5171404576146477e-05	-0.004372819392239541	0.0024968977481880307	0.0008962394594413531	0.0001822821728034998	0.0007690099576988193	-0.0015935983282013427	0.011486255383407695	0.022947951116833183	0.03983312356237799	-0.020406140002622697
el	jut	el+jut	ind	-	+	-0.4408052818727934	-0.00156293826832387	-0.0016849826540450265	-0.008879468886222514	-0.007627756280463631	-0.0010095135078319658	0.170086197279134	-8.55344672348983e-05	0.034040364781149246	0.07293697657157819	-0.0011794415073490827	-0.0655834012219342	-0.05890358361607424	0.04428966869495189	-0.05125293732812217	-0.009566418690397066	0.401933271492282	-0.006283093130277334	-0.01222294311087966	0.011544906861023035	0.00045608874734006174	-0.15173108533968824	0.005077445773233545	0.001347622450219849	0.0027527551528990107	0.00014158289678606824	0.0026262896442361587	-0.02124731073609451	-0.051710773132108534	-0.03617954650901893	0.030256454010534284	0.08980994269903775
el	jut	el+jut	ind	+	-	-0.6923076923076923	-0.0009499790406312233	0.00029714500267683875	-0.016432568695825017	0.024651235649715476	0.0015456683542576562	-0.10324277968277007	0.012276660944882556	-0.04471493367505702	-0.03631019654003255	-0.10716231779304428	0.10408985283663992	0.012309677056291074	0.011935797013467704	0.2716982035453479	-0.012801893196018583	-0.23573628348866157	0.028571114132272295	-0.0010002028618804068	0.007574871690995217	0.0	-0.021007285630889102	0.0019390630746145966	0.00020369390154225016	0.0015219557519058203	0.0	0.0044863335990254155	-0.02503010781934978	0.05266894226968405	0.013471670209816065	-0.14648836403314833	0.13092151332844915
el	jut	el+jut	ind	-	-	-0.36625308250968475	5.082544014755122e-06	0.003364522400186672	-0.017664336071688352	-0.0109236044635206	0.011881770530685464	0.18747097509763433	-0.002751908457234546	0.09156543907808617	0.019342792972369433	-0.03174450471232482	0.12109681543313577	-0.015263184020262485	0.01567030492616297	0.18570885404427917	0.03183373835933835	-0.017746113291853882	0.024744502490613957	-0.01557717567655128	0.011309573464688994	0.0002674270314829515	-0.22557681624634282	0.0009294359980036254	-0.0012180149342186416	0.001873997890470324	0.0	0.0028054425585636133	-0.034756627249356714	-0.08358712321952322	0.04043796799159865	-0.03616595279241816	0.0207947571032433
el	kap	el+kap	ind	-	-	-0.34988387914039004	-0.0017729743451313177	0.0015917027466203553	-0.015174297303237966	0.03284613742679822	0.0023309110613862977	0.024052634919069615	0.29615207699616464	0.002752911342719818	0.02434847016783956	-0.002176156908143226	0.048665968788276365	-0.013550310948120897	-0.0050650046857845035	0.023041968069543103	0.019994499011223854	0.023281764498430467	0.02246324554332553	0.05785933917835834	-0.006177080046706614	0.00014066676044450696	0.007532749908103932	0.025367216551471155	0.008131291462425368	0.0010620789276566114	0.0	0.0031333745320516844	0.01985186415913838	-0.032365957594323536	0.0987064942121187	0.027330681450694866	0.1029227334817896
el	képzel	el+képzel	ind	-	-	-0.563344248103016	-0.019756594534431772	0.001510696007692382	-0.010631222558291353	0.16498027911804639	0.007087960266074879	-0.01201539912129107	-0.2903752261647236	0.10926919138461803	-0.07157070391111983	-0.04101078448157356	-0.009834239786829988	-0.04541904496303658	-0.020944621093106467	0.013824716910499246	0.00561656604332959	-0.0014940062086052602	-0.003273713063949209	6.191377080706512e-05	-0.0013963798569558592	-0.0005976024834421043	-0.0011952049668842086	0.0004190395792304244	-0.037091911979794216	-0.0010523546435148646	-0.00026308866087871614	-7.142516168467196e-05	-0.011409003087792288	-0.01693960769281294	0.003278558489490633	-0.13299400997726957	0.032156576875547585
el	kérdez	el+kérdez	ind	-	-	-0.060436425321921505	0.012044105173876166	-0.021142724959518855	-0.18706145423702675	0.16574909399336882	0.006785411365564037	0.069519623718097	0.2520471894517696	0.003223070398642918	0.0020973089675379725	-0.0414372734983422	-0.02419616007402267	-0.006893361091834374	0.030195080576759965	0.0018659881255301102	0.042239185750636135	0.0010178117048346056	0.0037319762510602205	-0.042732670213586246	0.002374893977947413	0.0	0.0006785411365564037	0.0008481764206955047	0.002714164546225615	0.0011874469889737065	0.00016963528413910093	0.00016963528413910093	-0.05325005783021051	-0.3552317063767446	0.003577762356388306	-0.05115274886267253	-0.020124913254684247
el	kér	el+kér	ind	-	-	-0.29169675090252706	-0.0037751974184432827	0.10905924648717902	-0.07444471385551185	0.21128143877483818	0.011736893151570667	-0.047938406643078246	-0.2703019200028737	0.003759481772844562	-0.00680352748890925	-0.028970221096682652	-0.010782728954505449	0.015638713771695078	0.01801042920176494	0.001171788470403697	0.00024246996066598376	0.008320012452778226	-0.00033721285270398894	-0.06219354491082493	-0.007813968664499404	0.00041459369817578774	0.003745412528213326	-0.1712436613562752	-0.00039348983122893325	-0.0023663272087217344	0.0	-0.015570013949506379	-0.026596859265645298	-0.15890179068556134	-0.06218815668947682	-0.0519884033502763	-0.000934257712640163
el	kerül	el+kerül	ind	-	+	-0.5550699300699301	-0.023742194545114254	-0.0003143450223742194	-0.003724499344937293	-0.11993219675701429	0.0032400081670154665	0.4103704081806272	-0.7431796913548738	0.01739148928929951	0.11086553349327072	0.08144300954519934	0.3561992751773774	-0.015603253194494071	0.025620182736971052	0.4133900770762085	0.00046194681231177554	0.027555595256325182	0.010040324638864786	0.005955115444166539	0.008208275909005837	-0.0006086978714715942	0.0032719105711806443	0.0009838701444540862	0.0061945961580998085	0.0031362190121314213	0.0	0.0027869940278699404	0.20802877171490308	0.06506729280451912	0.01484184914841849	0.2395504738570432	0.860848518877716
el	kerül	el+kerül	ind	-	-	-0.2389015948577893	-0.005180807886805514	-0.0007996450008864423	-0.014678208183130592	-0.05071796565668504	0.0024329680627432444	0.22903180956682512	-0.6793965041451739	0.008718992980219671	0.08488742180310847	0.11948624853314871	0.3962557565997754	0.000616090725278802	-0.004206050919789608	0.36580513777849066	-0.016540924622839827	0.017854627124296123	-0.0009303688867126486	0.006140658901148998	0.0039499455471038655	0.0003925673907354096	0.001187463592540375	7.756371833078646e-05	0.007323109872436704	0.007143776751568159	0.0	0.006974139095490962	0.1100648949776701	0.0038128899291690055	-0.022147937227207884	0.20862424124743567	0.7910337133076124
el	készít	el+készít	ind	-	-	-0.473183833189622	0.0013363737657520166	-0.000764025006970254	-0.022277072597928743	0.008066963361708201	0.0008308414046717142	-0.07141662765798468	0.03370146259422446	0.014963941134868153	-0.040798362725676565	-0.038413106660593874	-0.015423180750060675	-0.0012062226612817722	-0.00676361984809383	0.005446395382471538	0.07866619535566252	0.00532659772735373	0.07951247531091729	0.004514126823524173	0.0024017482852901214	0.00011899594996883425	-0.0074371208908144484	-0.002529265215699458	-0.004779010204744501	0.0006048292702458265	-2.182928591343584e-05	0.0025982118585110435	-0.01313298400978466	-0.008008736662031418	0.16151268751081732	-0.08696565321057256	-0.011472629740402376
el	készül	el+készül	ind	-	-	-0.4197634086408505	0.0011025215049502157	0.0017586978541177295	-0.03838183744761567	0.046638613688494604	0.09566775982412018	-0.12356828550572396	0.030911044330136132	0.005901621753379455	-0.02924887742461449	-0.007645007472369722	0.23139036910176436	0.043554950332067896	-0.019111885651936965	0.01581110529679958	0.005000522905831421	0.004284292410469754	0.05067155775916529	0.004419235080259237	0.0037815957308716197	-0.00015780337699226762	-0.02140911201512428	0.0004027258753727884	-0.007242520475860072	-0.00034773596107726926	0.0	-0.0005055393380695367	-0.028351361760013585	-0.016600528275828252	0.0601105932695116	-0.05878345396954801	0.22386090733549693
el	kezdődik	el+kezdődik	ind	-	-	-0.27254539858417975	-0.0017798099179879927	0.0008171096899272303	0.0046846497399794795	0.018365542631342734	-0.0011256959174441709	-0.025713668922409783	1.847077275497072e-05	2.8105767196866423e-05	-0.015141682371263593	0.06087771336095782	-0.0031271107075957674	0.11109086430251433	-0.0075929528318625095	-0.0028086230802606585	0.004836012394598932	0.00035569557822132504	-0.0016355514067358289	0.02854258321216329	0.019646464081362332	-0.0006155740227762388	-0.0010871559396765876	-0.0005676654559430331	-0.0005580304615011374	0.11571246477010905	0.0	0.001298326601269475	-0.014325416298361246	0.046386681720346434	0.0348878264642483	0.0683696541543165	-0.006465392076784423
el	kezd	el+kezd	ind	-	-	-0.3294339019383926	-0.0009462825721391396	0.0004910567635986636	-0.008597729402091164	0.017063197251700996	-0.09378242542918569	0.13258975107873977	-0.0541773753690514	0.00545788007827229	-0.01584454006260974	-0.0037330027244206893	-0.0058219096307158685	0.07276376594669741	0.006890713563486965	0.06952068677795938	0.009793425640313063	0.002133938430385622	0.0010005686275435625	0.005285632475040759	0.004502909578777174	0.006119916331482202	0.0010977277157698698	0.0017118184816767702	0.002153661644352138	0.005829518312437564	0.0	0.00047748524974755764	-0.0007351011826508547	-0.022314293866444734	0.017189657858898078	-0.014946337883477878	0.06567892307474384
el	kíván	el+kíván	ind	-	-	-0.7067668187300089	-0.010539562686801951	0.008350374914792093	-0.011548948665513092	-0.03733417230349746	0.27760736196319014	0.10534319123276181	0.11340517015363638	0.03663940013633265	0.04131928058308426	-0.03483037071994128	0.04243353783231084	0.06256882177127576	0.015022809501337109	-0.026191599811231717	2.621781762885897e-05	0.0190865712338105	0.013122017723244717	-0.053261496513030256	0.005623721881390593	0.006475800954328562	-0.03522363798437418	0.002556237218813906	0.008520790729379687	0.0008520790729379687	0.0	0.00034083162917518747	0.011326097215667769	-0.06203135650988412	-0.05917361438833832	-0.003683603376854916	0.005217345708143251
el	költ	el+költ	ind	-	-	-0.655979207134233	-0.004961218241725	-0.0019748344432394148	-0.009555292525336156	0.0013679822593974655	0.0011122719771469985	0.12213201851489558	-0.10653078769865132	-0.0020110326436791103	-0.03111916060438219	-0.015918174774461336	0.36335882650208984	-0.008347524404426685	-0.034742400442689156	0.0008004254482253464	0.0002877143952951886	0.0024115357276883586	-0.007577877105238301	0.0008559164506819201	-0.0002611948580746627	-6.755706926980551e-05	-0.011020835709982857	-0.00013511413853961102	-0.0014464439558942027	8.323650368486073e-05	0.0	0.002304167090377034	-0.012647754472703845	-0.02201792643286804	-0.005419083536413197	-0.056106888059420296	0.3403605160095414
el	könyvel	el+könyvel	ind	-	-	-0.8536659567995132	0.006486292056267196	0.0030910316381123023	0.05908425456385191	-0.13883757712871903	0.015053441735146155	-0.24565549536345255	-0.29173859184095385	-0.08221404595703484	-0.10864497173697826	0.07407550588539819	0.05204833371712102	-0.016026637666884613	0.042556731944189984	0.02980265469024972	0.001874116517941934	0.010137037416778301	0.007751951014123947	0.001874116517941934	-0.009990805903719155	0.0	-0.007605719501064801	-0.0018253726802555522	-0.24384525008109964	-0.0027380590203833284	0.0	0.008920122296607932	-0.06706311654651592	0.04495694574474701	0.011500184050007814	-0.020440476210485947	0.08290990626055766
el	könyvel	el+könyvel	ind	-	+	-0.918086500655308	-0.00327653997378768	-0.00043687199650502403	-0.13947138488422894	0.02719528178243774	-0.00109217999126256	-0.12800349497597208	-0.32841852337265176	-0.025557011795543906	-0.1997051114023591	-0.08961336828309308	-0.013761467889908258	-0.05045871559633028	0.0014744429882044552	-0.0017474879860200961	-0.0034949759720401923	-0.002402795980777632	0.01938619484491044	0.03707951070336391	0.032055482743556137	-0.00021843599825251202	-0.006334643949322849	0.038171690694626476	-0.00709916994320664	-0.0015290519877675841	0.0	-0.003931847968545216	-0.02839667977282656	0.23875054608999563	0.05340760157273918	-0.21827217125382262	0.0027850589777195234
el	köszön	el+köszön	ind	-	-	-0.24392583120204603	-0.00033369016532220144	0.0010632174898437255	-0.08654332821227176	0.06194151687934749	-0.0006393861892583121	-0.030576320987543704	0.4855998136709949	0.032030896573965	-0.13745459350267175	-0.08082692454123201	-0.01727742418066747	-0.062236015246729164	0.20129467305082394	-0.00319693094629156	-0.0024881192863957435	-0.0011606371018673212	-0.004962241502098441	-0.3727621483375959	-0.006074168797953964	0.0	-0.005956033521304661	-0.00031969309462915604	-0.003516624040920716	-0.008312020460358057	0.0	-0.0006393861892583121	-0.08449639659412078	-0.18859373110395455	-0.3786140436529443	-0.2723096510362311	-0.02950918431790595
el	követ	el+követ	ind	-	-	-0.7976430906632529	-0.0048610905823252325	-0.0008755113344721169	-0.026916805654009612	-0.07077412063522383	0.001045885332164526	0.2952502445267402	-0.23015674857168655	0.004274335820318267	-0.06304365448786309	0.021171606884117677	-0.011073039860344901	0.03604545226568989	0.041914230798816274	0.00469769175862092	0.012762223801915688	0.0007321197325151681	0.010335468941435678	0.007940541975708069	-0.0030016889494819407	-0.00019977914293633998	0.010988614855295717	-0.005036466385454484	-0.002231371835603394	-0.004161560738359485	-0.00015218383807639628	0.002496330755638573	-0.11929862808487571	0.05154974005363144	0.03099063941419949	-0.06842524544845963	0.0043796863473317404
el	küld	el+küld	ind	-	+	-0.32143177236952636	-0.010280789461577391	-0.0005125400208900949	-0.002301659109768428	-0.01186782328955955	-0.007888140866717444	0.1429042684973615	0.24646086685375745	-0.04825850555734468	-0.08297832098841161	-0.027953196644634942	0.06944678733848941	0.008390457349956804	0.016957781901271285	0.17438424484691104	0.016893373614071682	-0.012556208158042259	0.0021547809521862173	-0.008666152081938244	0.003751015964054042	0.0	-0.030280414598530196	0.004124515872894165	-0.009660220726177879	0.0005217412047757552	0.0	0.001978936104593606	0.021686849633912153	-0.011157287422833617	0.009810847514232016	-0.1028433362129631	0.22943152018893098
el	küld	el+küld	ind	-	-	-0.34050848702603703	0.0007488787879526317	-0.004202939467603996	-0.02637207704205413	-0.003919847132924245	-0.003529672650989831	0.05402649412841015	0.1697424005965409	-0.06945189327572154	-0.017654002821872183	-0.024632862452703352	0.11652689011651972	0.00868897126988774	0.015158668519136755	0.09179516118195574	0.023813106144656287	-0.006349873858205273	-0.004403248529796233	-0.017871926827663538	0.001170384197237239	0.0009813542688910696	-0.001485712574946189	0.002794440222505283	0.004092724227614314	0.0019932735980193283	-0.000354735721887194	0.002747791952894995	0.02450642475477459	-0.0008737847516553932	-0.0013071959133330868	-0.03012050919023132	0.1900012567183082
el	lát	el+lát	ind	-	-	-0.7653931793334433	0.011507531488688747	0.0018641122147217996	0.06182547604894201	0.2303292165574717	0.014574083539359057	-0.21498450601093072	-0.37885159952337694	0.05265893355850623	-0.018939879476953678	-0.03746864216362528	0.010939191567339036	-0.36586022883676517	-0.028188404984353793	0.0005975146594713885	0.0012226017831172675	0.0019181889604393224	0.0020926365364391814	-0.017156014482420115	0.00015535381146256078	-0.00016276432846829556	-0.02260094192344442	-0.002957330376603809	-0.012787347804003441	-0.0009405348069980918	-0.00015375153751537516	-0.001103299135466387	-0.06269978353278974	0.19932154380162992	-0.013315897922331375	-0.0618888993926848	-0.015919593086508373
el	lop	el+lop	ind	-	-	-0.3817276383834515	0.002931969927604964	0.002102477206056879	0.04915304925788899	0.01057647514164213	0.0018483201962874135	0.007940207119634335	-0.344327517964349	-0.0021782966409424342	-0.05643012652559119	-0.06649168934071001	-0.003271477260126339	-0.00525457398611362	0.020649768280288753	0.020987076177148657	-0.038893903805848486	0.0009562046538225734	-0.10257300369902311	-0.01317303113087345	0.0021658331721941234	0.0002548901549899544	0.0022954776853505673	0.00038160208726444283	-0.000192267334073199	-0.00012891136793595492	0.0	0.000765403610190352	-0.06234642516863104	0.0511775075933989	-0.18151954733170272	-0.1059620896716029	0.023071224752693315
el	marad	el+marad	ind	-	-	-0.2337046168211534	0.00020557464466637587	0.002306973541078472	0.021203783941187077	0.02685366735647457	0.006271667008443948	-0.07771788948539982	-0.0010019742374169516	0.021211777740586333	0.06270939249250085	0.04399551533991622	0.02531056372735433	-0.10047397223536297	0.003875976156113639	0.0010433063389350614	-0.0039983783214814096	0.003207315629485827	0.0033414081488883484	-0.3118342100790813	0.015534401200197358	0.00014592149423610097	0.05042088971079727	0.000984230775166583	0.005129108177545889	-1.536380520376912e-05	0.0	0.0005588728539536547	-0.012191537532921265	0.07128350476259482	-0.3118111990264754	0.1694268455072121	0.0829536663676462
el	megy	el+megy	ind	-	-	-0.25637978780584303	-0.0006034453831902011	-0.0012595714258197442	-0.013038735462707368	-0.01453176252402704	-0.0690602267214954	0.018986034792784934	0.0014466762485571515	0.012274389460764444	0.02652869370545753	0.03309267664645268	-0.021661756271091404	0.019691506414346728	0.04334600731988915	0.027786189213818757	-0.001520694616955455	-0.012878277252593343	-0.008166965564749261	-0.008794573265899367	0.004032758930375702	0.0010527624029432016	-0.007510839522119717	-0.003789706430559302	0.0006149820392302116	-0.00041089553105337715	0.00035549235691432633	-9.600267459844111e-05	0.004081185660596745	0.08474112866883526	-0.030216748243416504	0.051980564784313205	-0.01004100855829304
el	megy	el+megy	ind	-	+	-0.43861462910312743	-0.023212952014815012	0.0008754898157476102	0.002534225477271723	-0.054292867180273825	-0.01022017252239614	0.10216353504531095	0.004747172738344237	-0.005023851235420231	-0.008667621581371437	0.02664194934209005	0.08927005001738322	0.023529796965520572	-0.01244273409417783	0.08759918964179803	-0.003983529403847038	0.015537954601331654	-0.005794545064437514	0.0024227528858822463	0.002891397120118688	0.0005681523500767089	-0.0447761951376051	0.0026299946945028737	-0.0018110156605904756	-0.0005693274324967228	-0.0002584647195657793	0.0005675648088667019	-0.07550273097166338	-0.04500768637434782	-0.01671303702134553	-0.06646880415227124	0.16452072580995358
el	mesél	el+mesél	ind	-	-	-0.3747364722417428	0.002962265649499209	0.005082256389061965	0.035558835763152	-0.14768798072013659	0.0019748437663328067	0.11370862164571682	-0.2841146686436429	-0.029737627382311463	-0.02186317776394238	-0.0034826220749414674	-0.0037992295683153994	-0.0037084599018963396	-0.0038936807172155544	-0.0006094362310503231	0.2418199873357003	-0.0008901945343624747	-0.006368662931430517	-0.0011757206592484994	0.0008117367109949348	-1.1768673505131006e-05	-0.0016988532845945287	-0.0010619568153655665	-0.0009843439224035229	-0.000554515754693045	-3.922891168377002e-06	-0.0001874538456765998	-0.006133591222187006	-0.01297450989811827	0.23083251234262267	-0.029166333723852106	-0.006357739188330883
el	mond	el+mond	ind	-	+	-0.2411198100930884	-0.0056536913056457125	0.0019699260607664425	0.0061436856882372826	-0.013943128699280494	-0.00020049214794681932	-0.012902658721341137	-0.01575191782794788	0.05538460989266648	-0.02231461220833323	-0.01629648282582271	0.008805180913732722	0.019405457096640787	0.018996689538728198	0.00014644821956710883	-0.04375972285969219	-0.0003451262237350748	0.0044305194929456435	0.00029108229535536453	-0.001500384686262267	0.0001446340757882557	-0.0026858398645923085	0.0011863622502194676	-0.011958104280612697	-0.0005199570153261793	0.0	8.696185985083873e-05	-0.019597668556048643	-0.02670071443908051	-0.038980448855453764	-0.06089887547079227	0.004882563158098943
el	mond	el+mond	ind	-	-	-0.12009105510558772	-0.0032475639891074333	0.0133874284587117	-0.1680557269076698	-0.033445554143594236	0.001763623208636632	-0.2997055513096009	0.039413676230231495	-0.06902264576953346	-0.04904134281117076	-0.050239896603964426	-0.034825898533218616	0.0026269397166996493	0.009940363898820356	0.004248942763252452	-0.010908906671875902	0.000552070175702222	0.00555258368544081	-5.076461669643482e-05	-0.0009502961332249586	0.00017628480245915413	-6.020596083535656e-05	0.001233993617214079	0.0018187209053799826	-0.0016786511113863344	0.0	0.0	-0.005661685870658791	0.07909836872853498	-0.004688173969109071	-0.09972712925317398	-0.033558472619495766
el	múlik	el+múlik	ind	-	-	-0.3857951798679903	-0.007628576044607426	-0.0007818701485475064	-0.06948445063602704	0.23036107752725427	0.005065652564199952	-0.23693593877040997	0.0024624639130837967	0.0025036989519292055	0.004913164264251146	0.5178639699243265	-0.015793895887721558	-0.02182829029016828	-0.03997105037470073	-0.0007406351097020978	-0.003682558029087785	0.0015529466033152972	-0.0031968730950694786	-0.0029710502495564573	-0.0008365269109624758	0.0001214212335045766	-0.0027743547342142074	0.0001214212335045766	-0.0003096069380987606	-0.0010587518585489246	0.0	-3.76371409188368e-05	-0.06163668439251903	-0.09274780162179475	-0.01244516021408181	0.461140731370679	-0.01797325216308752
el	nevez	el+nevez	ind	-	-	-0.8983076458144454	0.0006819684362604395	0.0018907928545136882	0.0006128627948509269	0.031244673406656456	0.0027222605822613943	-0.011131066281747648	-0.16653571342949403	0.4437619688359669	-0.02340372239459909	-0.018326544696134824	-0.03659058384336011	0.008065580328451035	0.019265649446429063	0.0015727547523647352	-0.29635577023470133	0.0006811665558632447	-0.0027617377710463685	0.0014382855780659147	0.0005150333863931426	0.0004841712716190554	0.0027072304650729477	0.00033387009973459385	-0.0014935947644365306	-0.0008306658473505111	-0.0001511030522816561	0.0004082188052796299	-0.05060648681764142	0.09355248683466594	-0.2945661787985208	-0.06971899766924211	-0.032566110618126004
el	nyer	el+nyer	ind	-	-	-0.5470449172576832	0.0026855791962174945	0.0016327817178881008	0.019782505910165477	0.013257683215130024	0.0038203309692671395	-0.08735066981875494	-0.39970370370370367	-0.0044066193853427894	-0.10322458628841606	-0.045459416863672164	-0.004639873916469663	-0.01223640661938534	0.0057998423955870765	0.02051379038613081	0.0029629629629629632	0.00013869188337273415	0.03936958234830575	-0.005144208037825058	0.0003530338849487783	-0.00031520882584712374	-6.304176516942501e-06	-0.028557919621749406	-0.010288416075650116	-0.001342789598108747	0.0	0.0011914893617021277	-0.021925925925925932	0.00431836091410559	0.036160756501182036	-0.13726713947990543	0.01644129235618598
el	nyom	el+nyom	ind	-	-	-0.156088525871086	-0.0028835914896887457	0.0031616021368476447	-0.01220095105091229	0.024633563595925723	0.0019123660551612224	-0.06331513412770723	0.08885174776757188	0.007704156221252991	0.04135263008690382	0.020576158737253568	0.035993825281558464	0.008550491756086818	-0.011442089008576448	0.12063496317180569	0.005045484530675218	0.013566818455929372	0.007742668153884581	-0.0016405072046808931	0.01817021633762139	0.00028188712177827034	0.008831704708366073	-0.0005191105142463813	0.002796539353127624	0.004443198354487086	0.004641909814323607	0.0016081470687278724	0.018954106922608377	0.028906702694284747	0.011589732128862107	0.05284435482484573	0.19215819522128436
el	olvas	el+olvas	ind	-	+	-0.23127511874314943	-0.004831238551188492	0.0022009174961708593	-0.04045145329508923	0.00996091452583707	9.461698762600144e-05	-0.0659036569738726	-0.2765174053135902	0.0008010852950692772	0.1607867890036496	-0.07175625977565869	-0.004058780160042333	0.004546919573532451	0.18517246500575502	-0.001703573792046058	0.330017578635063	0.0015274442305790246	0.004624064009445162	0.000772458391146159	0.0013799415730351098	0.0002134927412467976	0.00021786087917512057	6.162194577455978e-05	0.004060730221617478	-0.0006074831818889513	0.0	-0.00030374159094447565	0.005904552442147916	0.07718218910480318	0.3306556387824502	0.19407925424653205	-0.012748410543811331
el	olvas	el+olvas	ind	-	-	-0.2697122439220863	-0.0045569381899864805	-0.0015727078520505755	-0.018697502475168465	0.08194426701301283	0.003196260898725687	0.03381039100564587	-0.12363594042207393	0.002841065351544896	0.06648649613731773	0.022268919957132566	0.0018995143701716465	0.027173401963811086	-0.0001644013108634268	-0.001327353450509051	0.025354230763771343	-0.00047268842330881245	0.006529143999801278	-0.00034754381669204	0.005129099109649076	0.0004841660190419412	-0.0042886285969786974	0.0015470357417875862	0.0012787261487798036	-0.00047268842330881245	-0.0008623167576889911	0.001354134507219685	0.003653146835155552	0.046642564824573574	0.030771877739097724	0.09778955922483755	-0.005996849704931528
el	remél	el+remél	ind	-	-	-1.0	0.002840371141829199	0.0045445938269267185	-0.5765953417913274	0.42132171937133117	0.009089187653853437	-0.8159439500094678	0.07725809505775422	0.003976519598560878	0.019693239916682446	0.010414694186707063	0.005112668055292559	0.010414694186707063	0.026888846809316417	0.0015148646089755728	0.0018935807612194661	0.0022722969134633592	0.00833175534936565	0.03503124408256012	0.0018935807612194661	0.0001893580761219466	0.0017042226850975193	0.0007574323044877864	0.0017042226850975193	0.0003787161522438932	0.0001893580761219466	0.0	0.01628479454648741	-0.8661238401817838	0.048286309411096386	0.037492899072145425	0.011361484567316796
el	rendel	el+rendel	ind	-	-	-0.6792318025296638	0.0017289583416726282	0.0023778097562905634	0.01660492911157921	-0.05704873676432693	0.11202516054644183	-0.1562074614555255	-0.22730537402544582	0.009337376484007382	-0.11864336972290501	-0.11907714330444123	-0.021038901475857665	0.014418145286972037	0.02391002122905911	0.02191828645802988	0.009534538400163033	0.1296925701013795	0.02494208223996313	0.024564603421627543	-0.014918922661212357	0.0015282074534671685	-0.013356301596719194	0.004474927166298465	0.001205576232183106	-0.0042677219170679445	0.00021473051320592657	0.001393418398338445	-0.07509501441710331	0.06805889260009823	0.061752779275353546	-0.23751258419504118	0.187018844389784
el	romlik	el+romlik	ind	-	-	-0.22014260249554368	-0.004516752771987069	-0.0011128231467214525	-0.015881647985336922	-0.002724150779983281	-1.510619656182972e-05	0.19215585566532734	0.003947752701491485	-0.0035549915908839134	0.022815392207216734	-0.04988569644601549	0.01766921457848676	0.03180357916150538	0.1810477657935285	0.00035247791977602544	0.022331993917238183	0.0006948850418441643	-0.000221557549573502	0.003726195151917984	-0.0054382307622586785	0.0008560178051703475	0.0005790708682034706	4.5318589685488945e-05	0.00223571709115079	-0.003977965094615144	0.0	0.0010725399558899058	0.06512281337804768	0.015136408954953329	0.027593985719608846	-0.05256452863631331	0.017865595133790553
el	számol	el+számol	ind	-	-	-0.6	0.005362990701188379	-0.0006958755892984407	-0.04065695082955226	0.16141857220182318	0.0006450327550675025	0.1365098679371663	-0.28789947686151185	-0.03097117668313346	-0.013145443353798997	-0.025582800269067132	-0.002191240465183368	0.29225924989681484	-0.04756479247983068	-0.00043341373927623236	-0.023684513072749526	0.0006482104322069358	0.0018969661395293047	0.003509869365335756	0.0066937233378606305	-0.00013599744072025443	-0.031743316523778306	-0.007150666169663681	-0.05592733187945678	-0.004348740425908709	0.0	0.00020844133865183592	-0.05715962793328162	0.0727151430240347	-0.017749576190700618	-0.05807929768336628	-0.05324237321782298
el	szeret	el+szeret	ind	-	-	-0.13282468633435063	-0.05264684827248409	0.006442861987114276	-0.00693643796390489	0.029331976941336046	0.19820278060359445	-0.19241927583738364	-0.3134320485286915	-0.010576089823292265	-0.011774236087562638	-0.010523341245619985	-0.01933988922798689	0.0010700425756376922	0.014230812704871709	-0.006051015410120191	-0.01278022681888399	0.001186842997626314	0.003730077992539844	-0.11767077352021402	0.002373685995252628	0.0	0.002882332994235334	0.00339097999321804	0.001865038996269922	0.0	0.0	0.00016954899966090201	0.022602765532572247	0.09596850156361855	-0.12672092234655816	-0.007377265363023251	-0.019965336648958217
el	talál	el+talál	ind	-	-	-0.5414117173898793	0.006611182771328359	0.002668648710504944	-0.021685159446760888	0.0263074101108678	0.009743345321143319	-0.20892453012562207	-0.006962928891955267	0.11342801370098912	0.13333533315334953	0.022171560115145192	0.0684307301231778	-0.03778771021719156	-0.01974244540213603	0.006535634015160859	-0.0011178993890549847	0.005125094297068819	-0.022980598412809514	0.002145362472932992	0.0016282978976336574	0.0	0.0010836802465555876	0.002562880451870443	0.003889649931506165	-8.37702384563167e-05	0.0	0.00040929649664863494	0.03768749701415762	0.04663202533994165	-0.02121009109180174	0.24164780725290283	0.08007501547082985
el	tart	el+tart	ind	-	-	-0.38863970781622326	0.001714242888470872	-0.0029678289685914545	-0.06895291348207855	0.14802640490783836	0.006807442568022057	-0.049879412746358986	0.14176257088952476	0.39327057489466943	0.09074436386674281	0.09177181102457505	0.024130298472654552	0.01041253828139074	-0.02575414165196857	0.005015927013639556	0.015329407323307436	0.008055908170281026	-0.07182503606445657	0.024546267474212576	0.020601916827612594	0.0001370426074962865	-0.2999789129411699	0.001487545368597599	0.00917459293364745	0.0057385660893095125	0.0	0.0004310511363504121	0.03193548942691146	0.03216740052424383	-0.030307270566515707	0.20461504014687393	-0.25885235195185635
el	telik	el+telik	ind	-	-	-0.7271823310626384	-0.0030876883306675497	0.001338467355309581	-0.04889030143527462	-0.06961304725551795	0.026928922365176168	-0.3645166223785582	0.0010987061924759081	0.04181376266246939	0.05109435172617417	0.017998283703038145	0.1162023849730554	0.023491814665417686	0.04754917891758589	0.222181067205346	0.00206943355827869	0.0002278129321276771	0.04031120627213078	-0.012296056977660525	0.0016018594633173382	0.0	-0.026851126107468225	-0.0005767012687427913	0.001034716779139345	-0.00034649869047391463	0.0	0.0011510128913443832	-0.175617219046648	0.013170932981577455	0.030238847786975255	-0.002772255040029231	0.3047234276659423
el	tér	el+tér	ind	-	-	-0.272906913679163	-0.0005714402713573475	0.000649514796078679	0.036904387844539005	-0.0483273995569552	0.0538277160737784	-0.23797143259890408	0.00552034139492176	0.006804858575423423	-0.12210248170114266	-0.009180619112981146	0.2779728140904942	0.0004609659438698163	-0.1181902617667815	0.03172143189578333	-0.005772452360196257	0.05727728257454233	0.022887198174181115	-0.6007952801587321	-0.003686546308149349	0.00040016006402561027	0.004867620368361008	-0.00044324730173205066	-0.0006053588148782143	0.00041146624519923253	0.0	-0.008920408197015102	0.03857089644966785	0.0733488784887022	-0.5734282467555478	-0.07651129048751917	0.3693848638696412
el	terül	el+terül	ind	-	-	-0.8967681934433852	0.010642410168558318	0.005437457118689761	0.0745453689611347	0.007619857273882661	-0.0013950244129272262	0.03983094244026575	0.007477216740863518	0.013057314392572423	-0.06544918217050394	-0.34203916053193506	0.11889516348744693	-0.012660773710779203	0.04565067618744677	0.034252271193887	-0.004882585445245292	0.003344920499298922	0.008782377617988684	-0.03657160626077827	-0.021908159466410296	-0.00023250406882120437	0.0009671028138697954	0.0	0.03852720796847074	-0.0011625203441060219	0.0	0.00590246525633217	-0.028797697211234957	0.12747213873788804	-0.023656932401225003	-0.44854599372666937	0.2393964593766894
el	tesz	el+tesz	ind	-	-	-0.335185599096901	-0.00019562204494665177	-0.0010522242597080607	-0.04917154161483561	0.1048951539953121	-0.0007670802619892132	0.21754985241555191	0.036534123466960944	0.03408758016505586	0.04995305460995149	0.03126442054331829	0.012851178627696733	0.005662702345943252	-0.012398107829679705	-0.07026946692895233	0.009469823300438404	0.0031660345519631053	-0.02005798838125976	0.0029386214867509457	0.002539185845623586	0.42201311662389507	0.003023462553103681	0.01083664213492109	0.0007152004375068511	-0.000255693420663071	0.00014257199885942402	-0.0005125570629310073	-0.06282900292828453	-0.02936378562008285	-0.1517726711907434	0.10221320111389494	-0.05002580338638729
el	tölt	el+tölt	ind	-	-	-0.872920997920998	-0.0035943001059280132	0.0007310937543495684	0.017272822505380647	-0.1414481443551211	-4.853202527621125e-05	-0.0467066717066717	0.2818853574667529	0.0018321297391064827	0.08828195165404468	0.037315633245865815	0.0030344419879303596	-0.29288179869575215	0.022747967515409376	0.048973575136365834	0.0009248555760183667	0.0005373319326807699	0.005157397599258064	0.0031181368390670716	-0.0007012419803117502	0.0005285412262156448	-0.0014098095493444342	0.0024179936970634645	-0.007607074467539584	-0.00033477940454684644	0.0	0.001686899942713896	0.03236994516064283	0.104583584234747	0.009292875571945337	0.15629931036907785	0.05091082707361776
el	tűnik	el+tűnik	ind	-	-	-0.23743264617951748	0.0038324323854550518	7.517555447403203e-05	0.08347006883125913	0.2440081172217201	0.011438416881040116	-0.27080820239171244	0.003184966627268304	0.4063564624904401	-0.09383799450740457	-0.038560714037405276	-0.015388609817145238	-0.023335491552527295	-0.08541833240631301	-0.0009790203712716403	-0.0949853994298825	0.002315667802266565	-0.09228081763192658	-0.004009507752207467	-0.0006240005562121939	-0.00036132065633039004	-0.0028232114301606067	0.0012886306751025516	-0.0004208527428213864	-0.004502928804839047	0.0	-0.000493421052631579	-0.09038578530209275	0.33946694882847805	-0.21465814677049294	-0.15871102169227563	-0.016630310088298683
el	utasít	el+utasít	ind	-	-	-0.14680764538430255	-0.009303037338250775	0.027479318904329718	-0.044547408430789595	0.23665352108159876	-0.0018726112541870656	-0.20713283906097907	-0.09576863441409555	-0.009142301703458582	-0.016248173353587664	-0.03249079701134491	0.20261302289568126	-0.052729407211295314	-0.037501555713345056	0.008229273967209313	-0.0019026207205293422	0.008093717507944029	-0.0007426315198263388	-0.0018726112541870656	0.0019481487807677964	0.0004870371951919491	0.00029629209405747825	0.0011899986670452793	0.0009992535659108085	0.0017322245041064151	0.0	0.000622593654457233	-0.0005088248899336179	0.007557966316018377	-0.004382307035277462	-0.09157378377131226	0.3324581257464469
el	választ	el+választ	ind	-	-	-0.7088417182015712	-2.084617456803769e-05	0.0027486753938059582	0.017900533285937187	-0.016018152859409107	0.009053173108275879	-0.34945393353010495	0.26055538235248155	0.03249068345520973	0.018085870876092924	0.028192239342691237	0.05757008830884548	-0.010423617047032097	0.06195779748908224	0.0073099084490048805	0.0012902907948643717	0.007652850535577163	0.0221116194775848	-0.4790014391012253	0.0022126082007844204	0.023279031741545577	0.0005758523953102203	0.0015588011780869888	0.0077593593893739606	0.0008989018807381613	0.0003169572107765452	0.001224520716779952	0.09066136409208023	0.11931854994327562	-0.45064595328602725	0.04217822128359988	0.0708579220628548
el	vár	el+vár	ind	-	+	-0.5464231354642314	-0.01909771689497717	-0.0089765601217656	0.061792389649923896	-0.31486514459665144	-0.0016718417047184167	0.10044931506849314	0.288489497716895	-0.0013662100456621	0.06974368340943683	0.03927549467275494	0.11721156773211568	-0.06632815829528158	0.023309589041095896	-0.009659665144596652	0.0227896499238965	0.001727853881278539	0.030484018264840186	-0.20216255707762554	0.003128158295281583	0.0010666666666666667	0.035050228310502286	-0.007604261796042617	0.010978386605783867	-4.992389649923889e-05	0.0	-0.0005832572298325722	0.01937899543378996	-0.009983561643835626	-0.14292237442922376	0.10690045662100459	0.13696925418569256
el	vár	el+vár	ind	-	-	-0.38085330838809967	-0.015302722459780115	-0.01058507430276814	0.09174467017409361	-0.2720566709632316	0.0014761580367942196	0.10744722474344742	0.25420225897363075	-0.0011454417021017418	0.04661597514480219	0.07255713140404989	0.1881885841130374	0.05223212837526952	0.01949720259859425	0.0032147772704432757	0.0035467514592763105	0.0024993561772885826	0.009355223967550012	-0.1931337052609418	0.0064314413220973865	0.0	0.026994708406239222	-0.006437664389950673	0.0014662276093687625	0.003011269711070904	0.0	0.0006235977408939636	0.03494692848569588	0.0394980102733582	-0.17727878483345677	0.12858973365931614	0.21256477121288256
el	végez	el+végez	ind	-	-	-0.500923577368598	-0.0007154235078590731	1.6393755908777376e-06	-0.014623698663655954	-0.0006714414027209521	-0.00020389148420260237	0.09971352145745921	-0.08461370128290968	0.0032884937566956783	0.008262499817326713	0.030085586647276424	0.0017548813110807894	0.06092186679726713	0.015202351407933232	0.0010276542989673995	-0.0017427499317082965	0.0003430978915194259	0.0011008641289257416	0.006163302792858992	0.005105437143716847	0.00010276542989673995	-9.653580265140543e-05	-0.0009209543676525532	0.005207218948259058	0.000275134063451892	0.0	0.001164565580456994	0.016315019041113293	0.04359244897982123	0.005590036568380325	0.03231181186038595	-8.276504768803261e-05
el	vesz	el+vesz	ind	-	+	-0.5354330708661418	-0.011586502519490859	0.0016161473958788445	0.023706596632264376	-0.0016125065131346872	-0.0007751034819784394	0.20689478010686396	0.23883422170872293	0.020173322200322988	0.2141838273606675	0.21195965254651428	0.02887503195885964	0.033476703204947715	0.048246550870413706	0.34867884501490337	0.0035405561974296987	0.011326381674547156	-0.007134512008440376	-0.15845849879122692	0.00187586369829542	-0.0006561679790026247	0.018764300578333996	0.017760226026000758	0.015175199277648863	0.004778051787916153	0.0	0.002386800910058869	0.0632538649993042	0.047595641944263745	-0.17089089973494373	0.40865591554446573	0.38105478800353404
el	veszik	el+veszik	ind	-	-	-0.16428922774225282	-0.01131333005410723	-0.003443187407771766	0.055753972497273235	-0.023118544023610427	-0.0014756517461878996	-0.18518360101798587	0.6481319104343548	0.02970551123847815	-0.03994952843302893	0.035308710622553946	-0.010821446138711265	0.019375949015162854	0.07485190016895144	0.1675185525781133	-0.01131333005410723	0.04200260912337732	0.011997690284223358	-0.03344810624692573	-0.006394490900147565	0.0	-0.003443187407771766	-0.0014756517461878996	-0.003935071323167732	-0.004918839153959666	0.0	0.043478260869565216	0.12756902414508436	-0.06790136658183452	-0.032763746016809606	-0.013794135888278186	0.4096965290104579
el	veszít	el+veszít	ind	-	-	-0.2801238775209496	-0.0024115662453452185	-0.000560145786387791	-0.01914817537850938	0.0027480779552633353	0.001900548744387841	0.11266831740735989	-0.46578156208250904	-0.0002955651589926925	-0.032413494255929945	0.03332992427728959	-0.021291335278010415	0.021195502924780688	0.03949410365878833	-0.0007412424191116228	0.004646694901226389	-0.0007621134177794395	0.24873325159174509	-0.001301388205499414	0.0025515648135416803	0.0003480646220663652	-0.0012179042108281467	-0.0017053234682827107	-0.002634404875404683	0.00046654825878674703	0.0	0.0062301635551454595	-0.015198897587032273	0.024550961031837903	0.250185395831179	-0.016371196203675192	-0.02699506482320067
el	veszt	el+veszt	ind	-	-	-0.22377093234736078	-0.001104650191649562	-0.0010395060442567525	-0.08143775000171949	-0.01626284828291622	-0.0018422136040238055	0.14672569597629265	-0.0003917491940500506	0.0034281739103093805	0.030387976139359354	0.05131393681902012	-0.016704954001157464	0.02565264511767706	0.01668176543587134	0.00446551830864963	0.000351955257859794	0.0003834465085979467	0.015703718915286078	0.025387450466375108	-0.0011904773601980065	-0.00017813927484640031	-0.0014837734084145015	0.0003834465085979467	-0.001988861628132053	0.0031327162161763826	0.0	0.0003247872989546477	-0.007822112262132974	-0.057660676614823186	0.042174203114145714	0.04895022613763986	-0.01511899369487189
el	vesz	el+vesz	ind	-	-	-0.31518858307849135	-0.005764252250561174	0.0005991068146444858	-0.04667818995700926	-0.014704969875199113	0.0014763889866543614	0.30331568340672266	0.2114575919451679	-0.0024657755669745644	0.3035531883275847	0.2435017245829325	0.0029767631025286075	0.010394685729630239	0.01668869648643928	0.13878682173574122	0.012268393595970498	0.002489499988268143	-0.033485586762294337	-0.18027457758798243	0.0010683810819900365	0.00014208581983518045	0.004435423950194358	0.001754303636093448	0.02860226659471128	0.0007411926344796662	-0.00020387359836901122	0.002069499518993876	0.028987332201860935	0.00492920476261241	-0.20569281827875416	0.4938950024897607	0.14520414734169165
el	vezet	el+vezet	ind	-	-	-0.39967182372245663	-7.99376054582265e-05	-0.0015162612140970657	-0.008803742572627837	-0.03881834935326156	-0.0018504475425667752	0.17259186981522634	0.05846188655498574	-0.0021597883990697384	0.05213542412399089	0.009125064249604874	0.02085487671441122	0.06068501617705374	0.026710748229735577	-0.041452558602415694	-0.014204735723723064	-0.1826572320651537	-0.012593708183744935	-0.0034917217440696424	0.009012032082673161	-0.0004239442785788233	-0.06664822405941229	0.0005086938529159843	0.0017354513067048792	0.00017951590021822764	0.0	0.001486210959465349	0.03785998191878143	0.02787593212256345	-0.03136264549086109	0.06062501387123684	-0.2704871539089587
el	visel	el+visel	ind	-	-	-0.4661992468584873	-0.007603885789641825	-0.004081290160825275	0.013519343494550223	-0.06685200426608502	-0.00041359358069560344	0.16900568123167353	0.3092908985148941	0.007513058021438121	0.03424568682500389	0.08684965029979017	0.005860013923731918	-0.005837346888433275	-0.08824824894491867	-0.00220450220530034	0.0058975262708810755	0.0025950562876759647	0.00180899968564121	0.007468309249874374	-0.000692940846699967	0.0	-0.0010436945947953514	0.01944235687789151	0.004210588038233011	0.0024052065647990947	0.0001414827391058291	-0.0013144752113089138	-0.008754583689567608	-0.03359914422896215	0.014940236711956044	0.10922621765078847	0.0005560340818563034
el	visz	el+visz	ind	-	-	-0.3906341567940023	-0.00038088155877281406	0.0007768129704032465	-0.026237614235130685	0.0020040653965099353	-0.007228065880921576	-0.014665128159031593	0.026899074337237372	0.0060782336530434515	-0.003931473355364992	0.01852807041054591	0.06951172057897517	0.0045496908003329894	0.010124414463911918	0.08649408602390282	-0.025801373860875755	0.01282640578533946	-0.05056483593958843	-0.004761327522584166	-0.0006154304351795501	0.0003141693455209173	0.002923631941971993	-0.0045303577534847005	0.00028404030286053976	-0.0011576945291760614	0.0	-0.0002503321528928927	0.037056874244720345	0.05289718175223235	-0.09727500264619243	0.017128580779513153	0.21116331196743174
el	von	el+von	ind	-	-	-0.544839522879447	-0.007695030592104315	-0.00030078765546021416	0.009358021423337887	0.03627057942134145	0.0021153061952361336	0.08605021483948988	-0.2558240241718649	0.003838701949738982	-0.016428283687908177	0.02677906930238292	0.12146522964797332	0.015837944105036125	-0.007156231046151422	0.21254039192693355	-0.0755833610618732	0.004048263739852282	-0.09137471297353439	-0.3573756266753089	-0.0013128278204048247	-8.205173877530155e-05	-0.0028901591102787737	0.013785825995062876	-0.0013128278204048247	-0.001704944421285788	0.0	-0.0005105556057211915	0.2058317345613881	-0.049540489646843544	-0.5367334089528755	0.16574245072463234	0.4034272681430207
el	zárkózik	el+zárkózik	ind	-	-	-0.36908315565031985	-0.011300639658848614	-0.002771855010660981	0.25490061214664006	-0.14265767934520945	-0.003411513859275053	-0.09412958250223535	0.0095192241557191	-0.0029850746268656717	0.03476511451956806	-0.004591099800536489	-0.003273952816562349	0.02752940367287984	-0.023068986862920415	0.27227457184125453	0.011864639933970699	0.07108810784785749	-0.003837953091684435	-0.47018708301808926	-0.003411513859275053	0.0	0.0006018295618680789	-0.0006396588486140725	0.01463649494463168	0.01484971456083637	0.0	0.0	-0.13478230964990714	-0.007256345003095133	-0.6314946007290736	0.02519430497283169	0.3450546805144783
